email,password,restaurant_id,rating,comment
review500_001@example.com,Passw0rd!,1,5,JMeter performance review review500_-001
review500_002@example.com,Passw0rd!,1,5,JMeter performance review review500_-002
review500_003@example.com,Passw0rd!,1,5,JMeter performance review review500_-003
review500_004@example.com,Passw0rd!,1,5,JMeter performance review review500_-004
review500_005@example.com,Passw0rd!,1,5,JMeter performance review review500_-005
review500_006@example.com,Passw0rd!,1,5,JMeter performance review review500_-006
review500_007@example.com,Passw0rd!,1,5,JMeter performance review review500_-007
review500_008@example.com,Passw0rd!,1,5,JMeter performance review review500_-008
review500_009@example.com,Passw0rd!,1,5,JMeter performance review review500_-009
review500_010@example.com,Passw0rd!,1,5,JMeter performance review review500_-010
review500_011@example.com,Passw0rd!,1,5,JMeter performance review review500_-011
review500_012@example.com,Passw0rd!,1,5,JMeter performance review review500_-012
review500_013@example.com,Passw0rd!,1,5,JMeter performance review review500_-013
review500_014@example.com,Passw0rd!,1,5,JMeter performance review review500_-014
review500_015@example.com,Passw0rd!,1,5,JMeter performance review review500_-015
review500_016@example.com,Passw0rd!,1,5,JMeter performance review review500_-016
review500_017@example.com,Passw0rd!,1,5,JMeter performance review review500_-017
review500_018@example.com,Passw0rd!,1,5,JMeter performance review review500_-018
review500_019@example.com,Passw0rd!,1,5,JMeter performance review review500_-019
review500_020@example.com,Passw0rd!,1,5,JMeter performance review review500_-020
review500_021@example.com,Passw0rd!,1,5,JMeter performance review review500_-021
review500_022@example.com,Passw0rd!,1,5,JMeter performance review review500_-022
review500_023@example.com,Passw0rd!,1,5,JMeter performance review review500_-023
review500_024@example.com,Passw0rd!,1,5,JMeter performance review review500_-024
review500_025@example.com,Passw0rd!,1,5,JMeter performance review review500_-025
review500_026@example.com,Passw0rd!,1,5,JMeter performance review review500_-026
review500_027@example.com,Passw0rd!,1,5,JMeter performance review review500_-027
review500_028@example.com,Passw0rd!,1,5,JMeter performance review review500_-028
review500_029@example.com,Passw0rd!,1,5,JMeter performance review review500_-029
review500_030@example.com,Passw0rd!,1,5,JMeter performance review review500_-030
review500_031@example.com,Passw0rd!,1,5,JMeter performance review review500_-031
review500_032@example.com,Passw0rd!,1,5,JMeter performance review review500_-032
review500_033@example.com,Passw0rd!,1,5,JMeter performance review review500_-033
review500_034@example.com,Passw0rd!,1,5,JMeter performance review review500_-034
review500_035@example.com,Passw0rd!,1,5,JMeter performance review review500_-035
review500_036@example.com,Passw0rd!,1,5,JMeter performance review review500_-036
review500_037@example.com,Passw0rd!,1,5,JMeter performance review review500_-037
review500_038@example.com,Passw0rd!,1,5,JMeter performance review review500_-038
review500_039@example.com,Passw0rd!,1,5,JMeter performance review review500_-039
review500_040@example.com,Passw0rd!,1,5,JMeter performance review review500_-040
review500_041@example.com,Passw0rd!,1,5,JMeter performance review review500_-041
review500_042@example.com,Passw0rd!,1,5,JMeter performance review review500_-042
review500_043@example.com,Passw0rd!,1,5,JMeter performance review review500_-043
review500_044@example.com,Passw0rd!,1,5,JMeter performance review review500_-044
review500_045@example.com,Passw0rd!,1,5,JMeter performance review review500_-045
review500_046@example.com,Passw0rd!,1,5,JMeter performance review review500_-046
review500_047@example.com,Passw0rd!,1,5,JMeter performance review review500_-047
review500_048@example.com,Passw0rd!,1,5,JMeter performance review review500_-048
review500_049@example.com,Passw0rd!,1,5,JMeter performance review review500_-049
review500_050@example.com,Passw0rd!,1,5,JMeter performance review review500_-050
review500_051@example.com,Passw0rd!,1,5,JMeter performance review review500_-051
review500_052@example.com,Passw0rd!,1,5,JMeter performance review review500_-052
review500_053@example.com,Passw0rd!,1,5,JMeter performance review review500_-053
review500_054@example.com,Passw0rd!,1,5,JMeter performance review review500_-054
review500_055@example.com,Passw0rd!,1,5,JMeter performance review review500_-055
review500_056@example.com,Passw0rd!,1,5,JMeter performance review review500_-056
review500_057@example.com,Passw0rd!,1,5,JMeter performance review review500_-057
review500_058@example.com,Passw0rd!,1,5,JMeter performance review review500_-058
review500_059@example.com,Passw0rd!,1,5,JMeter performance review review500_-059
review500_060@example.com,Passw0rd!,1,5,JMeter performance review review500_-060
review500_061@example.com,Passw0rd!,1,5,JMeter performance review review500_-061
review500_062@example.com,Passw0rd!,1,5,JMeter performance review review500_-062
review500_063@example.com,Passw0rd!,1,5,JMeter performance review review500_-063
review500_064@example.com,Passw0rd!,1,5,JMeter performance review review500_-064
review500_065@example.com,Passw0rd!,1,5,JMeter performance review review500_-065
review500_066@example.com,Passw0rd!,1,5,JMeter performance review review500_-066
review500_067@example.com,Passw0rd!,1,5,JMeter performance review review500_-067
review500_068@example.com,Passw0rd!,1,5,JMeter performance review review500_-068
review500_069@example.com,Passw0rd!,1,5,JMeter performance review review500_-069
review500_070@example.com,Passw0rd!,1,5,JMeter performance review review500_-070
review500_071@example.com,Passw0rd!,1,5,JMeter performance review review500_-071
review500_072@example.com,Passw0rd!,1,5,JMeter performance review review500_-072
review500_073@example.com,Passw0rd!,1,5,JMeter performance review review500_-073
review500_074@example.com,Passw0rd!,1,5,JMeter performance review review500_-074
review500_075@example.com,Passw0rd!,1,5,JMeter performance review review500_-075
review500_076@example.com,Passw0rd!,1,5,JMeter performance review review500_-076
review500_077@example.com,Passw0rd!,1,5,JMeter performance review review500_-077
review500_078@example.com,Passw0rd!,1,5,JMeter performance review review500_-078
review500_079@example.com,Passw0rd!,1,5,JMeter performance review review500_-079
review500_080@example.com,Passw0rd!,1,5,JMeter performance review review500_-080
review500_081@example.com,Passw0rd!,1,5,JMeter performance review review500_-081
review500_082@example.com,Passw0rd!,1,5,JMeter performance review review500_-082
review500_083@example.com,Passw0rd!,1,5,JMeter performance review review500_-083
review500_084@example.com,Passw0rd!,1,5,JMeter performance review review500_-084
review500_085@example.com,Passw0rd!,1,5,JMeter performance review review500_-085
review500_086@example.com,Passw0rd!,1,5,JMeter performance review review500_-086
review500_087@example.com,Passw0rd!,1,5,JMeter performance review review500_-087
review500_088@example.com,Passw0rd!,1,5,JMeter performance review review500_-088
review500_089@example.com,Passw0rd!,1,5,JMeter performance review review500_-089
review500_090@example.com,Passw0rd!,1,5,JMeter performance review review500_-090
review500_091@example.com,Passw0rd!,1,5,JMeter performance review review500_-091
review500_092@example.com,Passw0rd!,1,5,JMeter performance review review500_-092
review500_093@example.com,Passw0rd!,1,5,JMeter performance review review500_-093
review500_094@example.com,Passw0rd!,1,5,JMeter performance review review500_-094
review500_095@example.com,Passw0rd!,1,5,JMeter performance review review500_-095
review500_096@example.com,Passw0rd!,1,5,JMeter performance review review500_-096
review500_097@example.com,Passw0rd!,1,5,JMeter performance review review500_-097
review500_098@example.com,Passw0rd!,1,5,JMeter performance review review500_-098
review500_099@example.com,Passw0rd!,1,5,JMeter performance review review500_-099
review500_100@example.com,Passw0rd!,1,5,JMeter performance review review500_-100
review500_101@example.com,Passw0rd!,1,5,JMeter performance review review500_-101
review500_102@example.com,Passw0rd!,1,5,JMeter performance review review500_-102
review500_103@example.com,Passw0rd!,1,5,JMeter performance review review500_-103
review500_104@example.com,Passw0rd!,1,5,JMeter performance review review500_-104
review500_105@example.com,Passw0rd!,1,5,JMeter performance review review500_-105
review500_106@example.com,Passw0rd!,1,5,JMeter performance review review500_-106
review500_107@example.com,Passw0rd!,1,5,JMeter performance review review500_-107
review500_108@example.com,Passw0rd!,1,5,JMeter performance review review500_-108
review500_109@example.com,Passw0rd!,1,5,JMeter performance review review500_-109
review500_110@example.com,Passw0rd!,1,5,JMeter performance review review500_-110
review500_111@example.com,Passw0rd!,1,5,JMeter performance review review500_-111
review500_112@example.com,Passw0rd!,1,5,JMeter performance review review500_-112
review500_113@example.com,Passw0rd!,1,5,JMeter performance review review500_-113
review500_114@example.com,Passw0rd!,1,5,JMeter performance review review500_-114
review500_115@example.com,Passw0rd!,1,5,JMeter performance review review500_-115
review500_116@example.com,Passw0rd!,1,5,JMeter performance review review500_-116
review500_117@example.com,Passw0rd!,1,5,JMeter performance review review500_-117
review500_118@example.com,Passw0rd!,1,5,JMeter performance review review500_-118
review500_119@example.com,Passw0rd!,1,5,JMeter performance review review500_-119
review500_120@example.com,Passw0rd!,1,5,JMeter performance review review500_-120
review500_121@example.com,Passw0rd!,1,5,JMeter performance review review500_-121
review500_122@example.com,Passw0rd!,1,5,JMeter performance review review500_-122
review500_123@example.com,Passw0rd!,1,5,JMeter performance review review500_-123
review500_124@example.com,Passw0rd!,1,5,JMeter performance review review500_-124
review500_125@example.com,Passw0rd!,1,5,JMeter performance review review500_-125
review500_126@example.com,Passw0rd!,1,5,JMeter performance review review500_-126
review500_127@example.com,Passw0rd!,1,5,JMeter performance review review500_-127
review500_128@example.com,Passw0rd!,1,5,JMeter performance review review500_-128
review500_129@example.com,Passw0rd!,1,5,JMeter performance review review500_-129
review500_130@example.com,Passw0rd!,1,5,JMeter performance review review500_-130
review500_131@example.com,Passw0rd!,1,5,JMeter performance review review500_-131
review500_132@example.com,Passw0rd!,1,5,JMeter performance review review500_-132
review500_133@example.com,Passw0rd!,1,5,JMeter performance review review500_-133
review500_134@example.com,Passw0rd!,1,5,JMeter performance review review500_-134
review500_135@example.com,Passw0rd!,1,5,JMeter performance review review500_-135
review500_136@example.com,Passw0rd!,1,5,JMeter performance review review500_-136
review500_137@example.com,Passw0rd!,1,5,JMeter performance review review500_-137
review500_138@example.com,Passw0rd!,1,5,JMeter performance review review500_-138
review500_139@example.com,Passw0rd!,1,5,JMeter performance review review500_-139
review500_140@example.com,Passw0rd!,1,5,JMeter performance review review500_-140
review500_141@example.com,Passw0rd!,1,5,JMeter performance review review500_-141
review500_142@example.com,Passw0rd!,1,5,JMeter performance review review500_-142
review500_143@example.com,Passw0rd!,1,5,JMeter performance review review500_-143
review500_144@example.com,Passw0rd!,1,5,JMeter performance review review500_-144
review500_145@example.com,Passw0rd!,1,5,JMeter performance review review500_-145
review500_146@example.com,Passw0rd!,1,5,JMeter performance review review500_-146
review500_147@example.com,Passw0rd!,1,5,JMeter performance review review500_-147
review500_148@example.com,Passw0rd!,1,5,JMeter performance review review500_-148
review500_149@example.com,Passw0rd!,1,5,JMeter performance review review500_-149
review500_150@example.com,Passw0rd!,1,5,JMeter performance review review500_-150
review500_151@example.com,Passw0rd!,1,5,JMeter performance review review500_-151
review500_152@example.com,Passw0rd!,1,5,JMeter performance review review500_-152
review500_153@example.com,Passw0rd!,1,5,JMeter performance review review500_-153
review500_154@example.com,Passw0rd!,1,5,JMeter performance review review500_-154
review500_155@example.com,Passw0rd!,1,5,JMeter performance review review500_-155
review500_156@example.com,Passw0rd!,1,5,JMeter performance review review500_-156
review500_157@example.com,Passw0rd!,1,5,JMeter performance review review500_-157
review500_158@example.com,Passw0rd!,1,5,JMeter performance review review500_-158
review500_159@example.com,Passw0rd!,1,5,JMeter performance review review500_-159
review500_160@example.com,Passw0rd!,1,5,JMeter performance review review500_-160
review500_161@example.com,Passw0rd!,1,5,JMeter performance review review500_-161
review500_162@example.com,Passw0rd!,1,5,JMeter performance review review500_-162
review500_163@example.com,Passw0rd!,1,5,JMeter performance review review500_-163
review500_164@example.com,Passw0rd!,1,5,JMeter performance review review500_-164
review500_165@example.com,Passw0rd!,1,5,JMeter performance review review500_-165
review500_166@example.com,Passw0rd!,1,5,JMeter performance review review500_-166
review500_167@example.com,Passw0rd!,1,5,JMeter performance review review500_-167
review500_168@example.com,Passw0rd!,1,5,JMeter performance review review500_-168
review500_169@example.com,Passw0rd!,1,5,JMeter performance review review500_-169
review500_170@example.com,Passw0rd!,1,5,JMeter performance review review500_-170
review500_171@example.com,Passw0rd!,1,5,JMeter performance review review500_-171
review500_172@example.com,Passw0rd!,1,5,JMeter performance review review500_-172
review500_173@example.com,Passw0rd!,1,5,JMeter performance review review500_-173
review500_174@example.com,Passw0rd!,1,5,JMeter performance review review500_-174
review500_175@example.com,Passw0rd!,1,5,JMeter performance review review500_-175
review500_176@example.com,Passw0rd!,1,5,JMeter performance review review500_-176
review500_177@example.com,Passw0rd!,1,5,JMeter performance review review500_-177
review500_178@example.com,Passw0rd!,1,5,JMeter performance review review500_-178
review500_179@example.com,Passw0rd!,1,5,JMeter performance review review500_-179
review500_180@example.com,Passw0rd!,1,5,JMeter performance review review500_-180
review500_181@example.com,Passw0rd!,1,5,JMeter performance review review500_-181
review500_182@example.com,Passw0rd!,1,5,JMeter performance review review500_-182
review500_183@example.com,Passw0rd!,1,5,JMeter performance review review500_-183
review500_184@example.com,Passw0rd!,1,5,JMeter performance review review500_-184
review500_185@example.com,Passw0rd!,1,5,JMeter performance review review500_-185
review500_186@example.com,Passw0rd!,1,5,JMeter performance review review500_-186
review500_187@example.com,Passw0rd!,1,5,JMeter performance review review500_-187
review500_188@example.com,Passw0rd!,1,5,JMeter performance review review500_-188
review500_189@example.com,Passw0rd!,1,5,JMeter performance review review500_-189
review500_190@example.com,Passw0rd!,1,5,JMeter performance review review500_-190
review500_191@example.com,Passw0rd!,1,5,JMeter performance review review500_-191
review500_192@example.com,Passw0rd!,1,5,JMeter performance review review500_-192
review500_193@example.com,Passw0rd!,1,5,JMeter performance review review500_-193
review500_194@example.com,Passw0rd!,1,5,JMeter performance review review500_-194
review500_195@example.com,Passw0rd!,1,5,JMeter performance review review500_-195
review500_196@example.com,Passw0rd!,1,5,JMeter performance review review500_-196
review500_197@example.com,Passw0rd!,1,5,JMeter performance review review500_-197
review500_198@example.com,Passw0rd!,1,5,JMeter performance review review500_-198
review500_199@example.com,Passw0rd!,1,5,JMeter performance review review500_-199
review500_200@example.com,Passw0rd!,1,5,JMeter performance review review500_-200
review500_201@example.com,Passw0rd!,1,5,JMeter performance review review500_-201
review500_202@example.com,Passw0rd!,1,5,JMeter performance review review500_-202
review500_203@example.com,Passw0rd!,1,5,JMeter performance review review500_-203
review500_204@example.com,Passw0rd!,1,5,JMeter performance review review500_-204
review500_205@example.com,Passw0rd!,1,5,JMeter performance review review500_-205
review500_206@example.com,Passw0rd!,1,5,JMeter performance review review500_-206
review500_207@example.com,Passw0rd!,1,5,JMeter performance review review500_-207
review500_208@example.com,Passw0rd!,1,5,JMeter performance review review500_-208
review500_209@example.com,Passw0rd!,1,5,JMeter performance review review500_-209
review500_210@example.com,Passw0rd!,1,5,JMeter performance review review500_-210
review500_211@example.com,Passw0rd!,1,5,JMeter performance review review500_-211
review500_212@example.com,Passw0rd!,1,5,JMeter performance review review500_-212
review500_213@example.com,Passw0rd!,1,5,JMeter performance review review500_-213
review500_214@example.com,Passw0rd!,1,5,JMeter performance review review500_-214
review500_215@example.com,Passw0rd!,1,5,JMeter performance review review500_-215
review500_216@example.com,Passw0rd!,1,5,JMeter performance review review500_-216
review500_217@example.com,Passw0rd!,1,5,JMeter performance review review500_-217
review500_218@example.com,Passw0rd!,1,5,JMeter performance review review500_-218
review500_219@example.com,Passw0rd!,1,5,JMeter performance review review500_-219
review500_220@example.com,Passw0rd!,1,5,JMeter performance review review500_-220
review500_221@example.com,Passw0rd!,1,5,JMeter performance review review500_-221
review500_222@example.com,Passw0rd!,1,5,JMeter performance review review500_-222
review500_223@example.com,Passw0rd!,1,5,JMeter performance review review500_-223
review500_224@example.com,Passw0rd!,1,5,JMeter performance review review500_-224
review500_225@example.com,Passw0rd!,1,5,JMeter performance review review500_-225
review500_226@example.com,Passw0rd!,1,5,JMeter performance review review500_-226
review500_227@example.com,Passw0rd!,1,5,JMeter performance review review500_-227
review500_228@example.com,Passw0rd!,1,5,JMeter performance review review500_-228
review500_229@example.com,Passw0rd!,1,5,JMeter performance review review500_-229
review500_230@example.com,Passw0rd!,1,5,JMeter performance review review500_-230
review500_231@example.com,Passw0rd!,1,5,JMeter performance review review500_-231
review500_232@example.com,Passw0rd!,1,5,JMeter performance review review500_-232
review500_233@example.com,Passw0rd!,1,5,JMeter performance review review500_-233
review500_234@example.com,Passw0rd!,1,5,JMeter performance review review500_-234
review500_235@example.com,Passw0rd!,1,5,JMeter performance review review500_-235
review500_236@example.com,Passw0rd!,1,5,JMeter performance review review500_-236
review500_237@example.com,Passw0rd!,1,5,JMeter performance review review500_-237
review500_238@example.com,Passw0rd!,1,5,JMeter performance review review500_-238
review500_239@example.com,Passw0rd!,1,5,JMeter performance review review500_-239
review500_240@example.com,Passw0rd!,1,5,JMeter performance review review500_-240
review500_241@example.com,Passw0rd!,1,5,JMeter performance review review500_-241
review500_242@example.com,Passw0rd!,1,5,JMeter performance review review500_-242
review500_243@example.com,Passw0rd!,1,5,JMeter performance review review500_-243
review500_244@example.com,Passw0rd!,1,5,JMeter performance review review500_-244
review500_245@example.com,Passw0rd!,1,5,JMeter performance review review500_-245
review500_246@example.com,Passw0rd!,1,5,JMeter performance review review500_-246
review500_247@example.com,Passw0rd!,1,5,JMeter performance review review500_-247
review500_248@example.com,Passw0rd!,1,5,JMeter performance review review500_-248
review500_249@example.com,Passw0rd!,1,5,JMeter performance review review500_-249
review500_250@example.com,Passw0rd!,1,5,JMeter performance review review500_-250
review500_251@example.com,Passw0rd!,1,5,JMeter performance review review500_-251
review500_252@example.com,Passw0rd!,1,5,JMeter performance review review500_-252
review500_253@example.com,Passw0rd!,1,5,JMeter performance review review500_-253
review500_254@example.com,Passw0rd!,1,5,JMeter performance review review500_-254
review500_255@example.com,Passw0rd!,1,5,JMeter performance review review500_-255
review500_256@example.com,Passw0rd!,1,5,JMeter performance review review500_-256
review500_257@example.com,Passw0rd!,1,5,JMeter performance review review500_-257
review500_258@example.com,Passw0rd!,1,5,JMeter performance review review500_-258
review500_259@example.com,Passw0rd!,1,5,JMeter performance review review500_-259
review500_260@example.com,Passw0rd!,1,5,JMeter performance review review500_-260
review500_261@example.com,Passw0rd!,1,5,JMeter performance review review500_-261
review500_262@example.com,Passw0rd!,1,5,JMeter performance review review500_-262
review500_263@example.com,Passw0rd!,1,5,JMeter performance review review500_-263
review500_264@example.com,Passw0rd!,1,5,JMeter performance review review500_-264
review500_265@example.com,Passw0rd!,1,5,JMeter performance review review500_-265
review500_266@example.com,Passw0rd!,1,5,JMeter performance review review500_-266
review500_267@example.com,Passw0rd!,1,5,JMeter performance review review500_-267
review500_268@example.com,Passw0rd!,1,5,JMeter performance review review500_-268
review500_269@example.com,Passw0rd!,1,5,JMeter performance review review500_-269
review500_270@example.com,Passw0rd!,1,5,JMeter performance review review500_-270
review500_271@example.com,Passw0rd!,1,5,JMeter performance review review500_-271
review500_272@example.com,Passw0rd!,1,5,JMeter performance review review500_-272
review500_273@example.com,Passw0rd!,1,5,JMeter performance review review500_-273
review500_274@example.com,Passw0rd!,1,5,JMeter performance review review500_-274
review500_275@example.com,Passw0rd!,1,5,JMeter performance review review500_-275
review500_276@example.com,Passw0rd!,1,5,JMeter performance review review500_-276
review500_277@example.com,Passw0rd!,1,5,JMeter performance review review500_-277
review500_278@example.com,Passw0rd!,1,5,JMeter performance review review500_-278
review500_279@example.com,Passw0rd!,1,5,JMeter performance review review500_-279
review500_280@example.com,Passw0rd!,1,5,JMeter performance review review500_-280
review500_281@example.com,Passw0rd!,1,5,JMeter performance review review500_-281
review500_282@example.com,Passw0rd!,1,5,JMeter performance review review500_-282
review500_283@example.com,Passw0rd!,1,5,JMeter performance review review500_-283
review500_284@example.com,Passw0rd!,1,5,JMeter performance review review500_-284
review500_285@example.com,Passw0rd!,1,5,JMeter performance review review500_-285
review500_286@example.com,Passw0rd!,1,5,JMeter performance review review500_-286
review500_287@example.com,Passw0rd!,1,5,JMeter performance review review500_-287
review500_288@example.com,Passw0rd!,1,5,JMeter performance review review500_-288
review500_289@example.com,Passw0rd!,1,5,JMeter performance review review500_-289
review500_290@example.com,Passw0rd!,1,5,JMeter performance review review500_-290
review500_291@example.com,Passw0rd!,1,5,JMeter performance review review500_-291
review500_292@example.com,Passw0rd!,1,5,JMeter performance review review500_-292
review500_293@example.com,Passw0rd!,1,5,JMeter performance review review500_-293
review500_294@example.com,Passw0rd!,1,5,JMeter performance review review500_-294
review500_295@example.com,Passw0rd!,1,5,JMeter performance review review500_-295
review500_296@example.com,Passw0rd!,1,5,JMeter performance review review500_-296
review500_297@example.com,Passw0rd!,1,5,JMeter performance review review500_-297
review500_298@example.com,Passw0rd!,1,5,JMeter performance review review500_-298
review500_299@example.com,Passw0rd!,1,5,JMeter performance review review500_-299
review500_300@example.com,Passw0rd!,1,5,JMeter performance review review500_-300
review500_301@example.com,Passw0rd!,1,5,JMeter performance review review500_-301
review500_302@example.com,Passw0rd!,1,5,JMeter performance review review500_-302
review500_303@example.com,Passw0rd!,1,5,JMeter performance review review500_-303
review500_304@example.com,Passw0rd!,1,5,JMeter performance review review500_-304
review500_305@example.com,Passw0rd!,1,5,JMeter performance review review500_-305
review500_306@example.com,Passw0rd!,1,5,JMeter performance review review500_-306
review500_307@example.com,Passw0rd!,1,5,JMeter performance review review500_-307
review500_308@example.com,Passw0rd!,1,5,JMeter performance review review500_-308
review500_309@example.com,Passw0rd!,1,5,JMeter performance review review500_-309
review500_310@example.com,Passw0rd!,1,5,JMeter performance review review500_-310
review500_311@example.com,Passw0rd!,1,5,JMeter performance review review500_-311
review500_312@example.com,Passw0rd!,1,5,JMeter performance review review500_-312
review500_313@example.com,Passw0rd!,1,5,JMeter performance review review500_-313
review500_314@example.com,Passw0rd!,1,5,JMeter performance review review500_-314
review500_315@example.com,Passw0rd!,1,5,JMeter performance review review500_-315
review500_316@example.com,Passw0rd!,1,5,JMeter performance review review500_-316
review500_317@example.com,Passw0rd!,1,5,JMeter performance review review500_-317
review500_318@example.com,Passw0rd!,1,5,JMeter performance review review500_-318
review500_319@example.com,Passw0rd!,1,5,JMeter performance review review500_-319
review500_320@example.com,Passw0rd!,1,5,JMeter performance review review500_-320
review500_321@example.com,Passw0rd!,1,5,JMeter performance review review500_-321
review500_322@example.com,Passw0rd!,1,5,JMeter performance review review500_-322
review500_323@example.com,Passw0rd!,1,5,JMeter performance review review500_-323
review500_324@example.com,Passw0rd!,1,5,JMeter performance review review500_-324
review500_325@example.com,Passw0rd!,1,5,JMeter performance review review500_-325
review500_326@example.com,Passw0rd!,1,5,JMeter performance review review500_-326
review500_327@example.com,Passw0rd!,1,5,JMeter performance review review500_-327
review500_328@example.com,Passw0rd!,1,5,JMeter performance review review500_-328
review500_329@example.com,Passw0rd!,1,5,JMeter performance review review500_-329
review500_330@example.com,Passw0rd!,1,5,JMeter performance review review500_-330
review500_331@example.com,Passw0rd!,1,5,JMeter performance review review500_-331
review500_332@example.com,Passw0rd!,1,5,JMeter performance review review500_-332
review500_333@example.com,Passw0rd!,1,5,JMeter performance review review500_-333
review500_334@example.com,Passw0rd!,1,5,JMeter performance review review500_-334
review500_335@example.com,Passw0rd!,1,5,JMeter performance review review500_-335
review500_336@example.com,Passw0rd!,1,5,JMeter performance review review500_-336
review500_337@example.com,Passw0rd!,1,5,JMeter performance review review500_-337
review500_338@example.com,Passw0rd!,1,5,JMeter performance review review500_-338
review500_339@example.com,Passw0rd!,1,5,JMeter performance review review500_-339
review500_340@example.com,Passw0rd!,1,5,JMeter performance review review500_-340
review500_341@example.com,Passw0rd!,1,5,JMeter performance review review500_-341
review500_342@example.com,Passw0rd!,1,5,JMeter performance review review500_-342
review500_343@example.com,Passw0rd!,1,5,JMeter performance review review500_-343
review500_344@example.com,Passw0rd!,1,5,JMeter performance review review500_-344
review500_345@example.com,Passw0rd!,1,5,JMeter performance review review500_-345
review500_346@example.com,Passw0rd!,1,5,JMeter performance review review500_-346
review500_347@example.com,Passw0rd!,1,5,JMeter performance review review500_-347
review500_348@example.com,Passw0rd!,1,5,JMeter performance review review500_-348
review500_349@example.com,Passw0rd!,1,5,JMeter performance review review500_-349
review500_350@example.com,Passw0rd!,1,5,JMeter performance review review500_-350
review500_351@example.com,Passw0rd!,1,5,JMeter performance review review500_-351
review500_352@example.com,Passw0rd!,1,5,JMeter performance review review500_-352
review500_353@example.com,Passw0rd!,1,5,JMeter performance review review500_-353
review500_354@example.com,Passw0rd!,1,5,JMeter performance review review500_-354
review500_355@example.com,Passw0rd!,1,5,JMeter performance review review500_-355
review500_356@example.com,Passw0rd!,1,5,JMeter performance review review500_-356
review500_357@example.com,Passw0rd!,1,5,JMeter performance review review500_-357
review500_358@example.com,Passw0rd!,1,5,JMeter performance review review500_-358
review500_359@example.com,Passw0rd!,1,5,JMeter performance review review500_-359
review500_360@example.com,Passw0rd!,1,5,JMeter performance review review500_-360
review500_361@example.com,Passw0rd!,1,5,JMeter performance review review500_-361
review500_362@example.com,Passw0rd!,1,5,JMeter performance review review500_-362
review500_363@example.com,Passw0rd!,1,5,JMeter performance review review500_-363
review500_364@example.com,Passw0rd!,1,5,JMeter performance review review500_-364
review500_365@example.com,Passw0rd!,1,5,JMeter performance review review500_-365
review500_366@example.com,Passw0rd!,1,5,JMeter performance review review500_-366
review500_367@example.com,Passw0rd!,1,5,JMeter performance review review500_-367
review500_368@example.com,Passw0rd!,1,5,JMeter performance review review500_-368
review500_369@example.com,Passw0rd!,1,5,JMeter performance review review500_-369
review500_370@example.com,Passw0rd!,1,5,JMeter performance review review500_-370
review500_371@example.com,Passw0rd!,1,5,JMeter performance review review500_-371
review500_372@example.com,Passw0rd!,1,5,JMeter performance review review500_-372
review500_373@example.com,Passw0rd!,1,5,JMeter performance review review500_-373
review500_374@example.com,Passw0rd!,1,5,JMeter performance review review500_-374
review500_375@example.com,Passw0rd!,1,5,JMeter performance review review500_-375
review500_376@example.com,Passw0rd!,1,5,JMeter performance review review500_-376
review500_377@example.com,Passw0rd!,1,5,JMeter performance review review500_-377
review500_378@example.com,Passw0rd!,1,5,JMeter performance review review500_-378
review500_379@example.com,Passw0rd!,1,5,JMeter performance review review500_-379
review500_380@example.com,Passw0rd!,1,5,JMeter performance review review500_-380
review500_381@example.com,Passw0rd!,1,5,JMeter performance review review500_-381
review500_382@example.com,Passw0rd!,1,5,JMeter performance review review500_-382
review500_383@example.com,Passw0rd!,1,5,JMeter performance review review500_-383
review500_384@example.com,Passw0rd!,1,5,JMeter performance review review500_-384
review500_385@example.com,Passw0rd!,1,5,JMeter performance review review500_-385
review500_386@example.com,Passw0rd!,1,5,JMeter performance review review500_-386
review500_387@example.com,Passw0rd!,1,5,JMeter performance review review500_-387
review500_388@example.com,Passw0rd!,1,5,JMeter performance review review500_-388
review500_389@example.com,Passw0rd!,1,5,JMeter performance review review500_-389
review500_390@example.com,Passw0rd!,1,5,JMeter performance review review500_-390
review500_391@example.com,Passw0rd!,1,5,JMeter performance review review500_-391
review500_392@example.com,Passw0rd!,1,5,JMeter performance review review500_-392
review500_393@example.com,Passw0rd!,1,5,JMeter performance review review500_-393
review500_394@example.com,Passw0rd!,1,5,JMeter performance review review500_-394
review500_395@example.com,Passw0rd!,1,5,JMeter performance review review500_-395
review500_396@example.com,Passw0rd!,1,5,JMeter performance review review500_-396
review500_397@example.com,Passw0rd!,1,5,JMeter performance review review500_-397
review500_398@example.com,Passw0rd!,1,5,JMeter performance review review500_-398
review500_399@example.com,Passw0rd!,1,5,JMeter performance review review500_-399
review500_400@example.com,Passw0rd!,1,5,JMeter performance review review500_-400
review500_401@example.com,Passw0rd!,1,5,JMeter performance review review500_-401
review500_402@example.com,Passw0rd!,1,5,JMeter performance review review500_-402
review500_403@example.com,Passw0rd!,1,5,JMeter performance review review500_-403
review500_404@example.com,Passw0rd!,1,5,JMeter performance review review500_-404
review500_405@example.com,Passw0rd!,1,5,JMeter performance review review500_-405
review500_406@example.com,Passw0rd!,1,5,JMeter performance review review500_-406
review500_407@example.com,Passw0rd!,1,5,JMeter performance review review500_-407
review500_408@example.com,Passw0rd!,1,5,JMeter performance review review500_-408
review500_409@example.com,Passw0rd!,1,5,JMeter performance review review500_-409
review500_410@example.com,Passw0rd!,1,5,JMeter performance review review500_-410
review500_411@example.com,Passw0rd!,1,5,JMeter performance review review500_-411
review500_412@example.com,Passw0rd!,1,5,JMeter performance review review500_-412
review500_413@example.com,Passw0rd!,1,5,JMeter performance review review500_-413
review500_414@example.com,Passw0rd!,1,5,JMeter performance review review500_-414
review500_415@example.com,Passw0rd!,1,5,JMeter performance review review500_-415
review500_416@example.com,Passw0rd!,1,5,JMeter performance review review500_-416
review500_417@example.com,Passw0rd!,1,5,JMeter performance review review500_-417
review500_418@example.com,Passw0rd!,1,5,JMeter performance review review500_-418
review500_419@example.com,Passw0rd!,1,5,JMeter performance review review500_-419
review500_420@example.com,Passw0rd!,1,5,JMeter performance review review500_-420
review500_421@example.com,Passw0rd!,1,5,JMeter performance review review500_-421
review500_422@example.com,Passw0rd!,1,5,JMeter performance review review500_-422
review500_423@example.com,Passw0rd!,1,5,JMeter performance review review500_-423
review500_424@example.com,Passw0rd!,1,5,JMeter performance review review500_-424
review500_425@example.com,Passw0rd!,1,5,JMeter performance review review500_-425
review500_426@example.com,Passw0rd!,1,5,JMeter performance review review500_-426
review500_427@example.com,Passw0rd!,1,5,JMeter performance review review500_-427
review500_428@example.com,Passw0rd!,1,5,JMeter performance review review500_-428
review500_429@example.com,Passw0rd!,1,5,JMeter performance review review500_-429
review500_430@example.com,Passw0rd!,1,5,JMeter performance review review500_-430
review500_431@example.com,Passw0rd!,1,5,JMeter performance review review500_-431
review500_432@example.com,Passw0rd!,1,5,JMeter performance review review500_-432
review500_433@example.com,Passw0rd!,1,5,JMeter performance review review500_-433
review500_434@example.com,Passw0rd!,1,5,JMeter performance review review500_-434
review500_435@example.com,Passw0rd!,1,5,JMeter performance review review500_-435
review500_436@example.com,Passw0rd!,1,5,JMeter performance review review500_-436
review500_437@example.com,Passw0rd!,1,5,JMeter performance review review500_-437
review500_438@example.com,Passw0rd!,1,5,JMeter performance review review500_-438
review500_439@example.com,Passw0rd!,1,5,JMeter performance review review500_-439
review500_440@example.com,Passw0rd!,1,5,JMeter performance review review500_-440
review500_441@example.com,Passw0rd!,1,5,JMeter performance review review500_-441
review500_442@example.com,Passw0rd!,1,5,JMeter performance review review500_-442
review500_443@example.com,Passw0rd!,1,5,JMeter performance review review500_-443
review500_444@example.com,Passw0rd!,1,5,JMeter performance review review500_-444
review500_445@example.com,Passw0rd!,1,5,JMeter performance review review500_-445
review500_446@example.com,Passw0rd!,1,5,JMeter performance review review500_-446
review500_447@example.com,Passw0rd!,1,5,JMeter performance review review500_-447
review500_448@example.com,Passw0rd!,1,5,JMeter performance review review500_-448
review500_449@example.com,Passw0rd!,1,5,JMeter performance review review500_-449
review500_450@example.com,Passw0rd!,1,5,JMeter performance review review500_-450
review500_451@example.com,Passw0rd!,1,5,JMeter performance review review500_-451
review500_452@example.com,Passw0rd!,1,5,JMeter performance review review500_-452
review500_453@example.com,Passw0rd!,1,5,JMeter performance review review500_-453
review500_454@example.com,Passw0rd!,1,5,JMeter performance review review500_-454
review500_455@example.com,Passw0rd!,1,5,JMeter performance review review500_-455
review500_456@example.com,Passw0rd!,1,5,JMeter performance review review500_-456
review500_457@example.com,Passw0rd!,1,5,JMeter performance review review500_-457
review500_458@example.com,Passw0rd!,1,5,JMeter performance review review500_-458
review500_459@example.com,Passw0rd!,1,5,JMeter performance review review500_-459
review500_460@example.com,Passw0rd!,1,5,JMeter performance review review500_-460
review500_461@example.com,Passw0rd!,1,5,JMeter performance review review500_-461
review500_462@example.com,Passw0rd!,1,5,JMeter performance review review500_-462
review500_463@example.com,Passw0rd!,1,5,JMeter performance review review500_-463
review500_464@example.com,Passw0rd!,1,5,JMeter performance review review500_-464
review500_465@example.com,Passw0rd!,1,5,JMeter performance review review500_-465
review500_466@example.com,Passw0rd!,1,5,JMeter performance review review500_-466
review500_467@example.com,Passw0rd!,1,5,JMeter performance review review500_-467
review500_468@example.com,Passw0rd!,1,5,JMeter performance review review500_-468
review500_469@example.com,Passw0rd!,1,5,JMeter performance review review500_-469
review500_470@example.com,Passw0rd!,1,5,JMeter performance review review500_-470
review500_471@example.com,Passw0rd!,1,5,JMeter performance review review500_-471
review500_472@example.com,Passw0rd!,1,5,JMeter performance review review500_-472
review500_473@example.com,Passw0rd!,1,5,JMeter performance review review500_-473
review500_474@example.com,Passw0rd!,1,5,JMeter performance review review500_-474
review500_475@example.com,Passw0rd!,1,5,JMeter performance review review500_-475
review500_476@example.com,Passw0rd!,1,5,JMeter performance review review500_-476
review500_477@example.com,Passw0rd!,1,5,JMeter performance review review500_-477
review500_478@example.com,Passw0rd!,1,5,JMeter performance review review500_-478
review500_479@example.com,Passw0rd!,1,5,JMeter performance review review500_-479
review500_480@example.com,Passw0rd!,1,5,JMeter performance review review500_-480
review500_481@example.com,Passw0rd!,1,5,JMeter performance review review500_-481
review500_482@example.com,Passw0rd!,1,5,JMeter performance review review500_-482
review500_483@example.com,Passw0rd!,1,5,JMeter performance review review500_-483
review500_484@example.com,Passw0rd!,1,5,JMeter performance review review500_-484
review500_485@example.com,Passw0rd!,1,5,JMeter performance review review500_-485
review500_486@example.com,Passw0rd!,1,5,JMeter performance review review500_-486
review500_487@example.com,Passw0rd!,1,5,JMeter performance review review500_-487
review500_488@example.com,Passw0rd!,1,5,JMeter performance review review500_-488
review500_489@example.com,Passw0rd!,1,5,JMeter performance review review500_-489
review500_490@example.com,Passw0rd!,1,5,JMeter performance review review500_-490
review500_491@example.com,Passw0rd!,1,5,JMeter performance review review500_-491
review500_492@example.com,Passw0rd!,1,5,JMeter performance review review500_-492
review500_493@example.com,Passw0rd!,1,5,JMeter performance review review500_-493
review500_494@example.com,Passw0rd!,1,5,JMeter performance review review500_-494
review500_495@example.com,Passw0rd!,1,5,JMeter performance review review500_-495
review500_496@example.com,Passw0rd!,1,5,JMeter performance review review500_-496
review500_497@example.com,Passw0rd!,1,5,JMeter performance review review500_-497
review500_498@example.com,Passw0rd!,1,5,JMeter performance review review500_-498
review500_499@example.com,Passw0rd!,1,5,JMeter performance review review500_-499
review500_500@example.com,Passw0rd!,1,5,JMeter performance review review500_-500
